"Year","Age0","Age1","Age2","Age3","Age4","Age5","Age6","Age7","Age8","Age9","Age10","Age11","Age12","Age13","Age14","Age15","Age16","Age17","Age18","Age19","Age20","Age21","Age22","Age23","Age24","Age25","Age26","Age27","Age28","Age29","Age30","Age31","Age32","Age33","Age34"
1950,773.588,535.673,383.009,286.253,221.804,176.928,144.626,120.717,102.581,88.5317,77.368,68.2427,60.5962,54.0695,48.4213,43.4813,39.125,35.2586,31.8102,28.7232,25.9519,23.4589,21.2127,19.1864,17.357,15.7042,14.2103,12.8595,11.6378,10.5326,9.53266,8.62785,7.80906,7.06806,67.4327
1951,773.361,525.407,383.033,286.101,221.626,176.891,144.66,120.861,102.741,88.5541,77.303,68.1506,60.5015,53.981,48.3428,43.4137,39.0672,35.2092,31.7677,28.6863,25.9196,23.4304,21.1874,19.1639,17.3368,15.6861,14.194,12.8448,11.6245,10.5206,9.52184,8.61807,7.80022,7.06007,67.3565
1952,773.189,525.254,375.368,284.824,220.017,175.385,143.721,120.41,102.525,88.5417,77.2935,68.1112,60.4495,53.9243,48.286,43.3606,39.0198,35.1679,31.7318,28.6551,25.8923,23.4064,21.1661,19.1449,17.3198,15.6709,14.1803,12.8325,11.6134,10.5106,9.51279,8.60989,7.79282,7.05338,67.2928
1953,773.064,525.136,376.041,281.254,221.706,176.713,144.541,120.952,103.02,88.8376,77.4977,68.1881,60.4466,53.8897,48.2392,43.3102,38.9713,35.1238,31.693,28.6212,25.8627,23.3804,21.1431,19.1245,17.3017,15.6547,14.1658,12.8194,11.6017,10.5,9.50319,8.60122,7.78499,7.0463,67.2254
1954,773.074,525.052,374.929,280.214,216.775,175.462,143.112,119.527,101.974,88.4724,77.4524,68.2934,60.5283,53.9295,48.2566,43.3144,38.9676,35.1168,31.6855,28.6145,25.8571,23.3758,21.1394,19.1215,17.2991,15.6525,14.1639,12.8178,11.6002,10.4987,9.50208,8.60023,7.7841,7.0455,67.2179
1955,773.147,525.059,375.096,279.142,215.829,171.748,142.568,118.994,101.331,87.9246,77.3226,68.3546,60.6823,54.0429,48.3211,43.3513,38.9874,35.1259,31.6889,28.6156,25.8575,23.3762,21.14,19.1222,17.2999,15.6533,14.1647,12.8186,11.601,10.4995,9.50276,8.60085,7.78467,7.04602,67.2231
1956,773.254,525.108,375.492,280.427,216.419,172.331,140.562,119.159,101.262,87.5865,76.9507,68.2925,60.767,54.2021,48.4406,43.4247,39.0341,35.1555,31.7075,28.6279,25.8668,23.384,21.147,19.1286,17.3059,15.6589,14.1699,12.8233,11.6053,10.5034,9.50633,8.60411,7.78762,7.0487,67.2488
1957,773.422,525.181,375.853,281.213,218.098,173.611,141.821,118.136,101.893,87.8315,76.8232,68.0589,60.7715,54.3194,48.6141,43.5556,39.1187,35.2125,31.7466,28.6551,25.8869,23.4001,21.1608,19.141,17.3171,15.6691,14.1792,12.8318,11.613,10.5104,9.5127,8.60988,7.79287,7.05345,67.2943
1958,773.515,525.295,375.501,280.823,217.794,173.903,141.853,118.346,100.41,88.0115,76.8509,67.855,60.5167,54.2968,48.7027,43.7004,39.2286,35.2828,31.7933,28.6866,25.9082,23.4155,21.173,19.1514,17.3264,15.6776,14.1869,12.8389,11.6195,10.5163,9.51809,8.61478,7.79731,7.05748,67.333
1959,773.442,525.358,374.561,277.746,214.04,170.288,139.46,116.667,99.4213,86.054,76.6653,67.7107,60.2446,54.0145,48.6466,43.7552,39.341,35.3683,31.8462,28.7202,25.9296,23.4288,21.1818,19.1579,17.3319,15.6825,14.1915,12.8432,11.6235,10.5199,9.52142,8.61783,7.8001,7.06002,67.3576
1960,773.042,525.309,374.083,269.827,204.003,161.947,134.292,115.274,98.8946,85.5864,74.9819,67.436,59.9866,53.6596,48.3046,43.6348,39.3347,35.4247,31.8862,28.7366,25.9332,23.4249,21.1734,19.1478,17.3218,15.6731,14.1831,12.8357,11.6169,10.5141,9.51626,8.61322,7.79596,7.05631,67.3228
1961,2595.5,525.037,375.285,276.193,205.46,160.06,130.928,111.747,97.784,85.1286,74.5958,66.0082,59.8087,53.4908,48.0381,43.3693,39.26,35.4465,31.9599,28.7921,25.9646,23.4425,21.1825,19.1514,17.3226,15.6729,14.1826,12.8353,11.6167,10.514,9.51626,8.61329,7.79608,7.05645,67.3248
1962,481.53,1762.82,373.813,268.67,201.108,154.314,125.75,108.342,94.9142,84.246,74.1807,65.6158,58.4865,53.2839,47.8487,43.0997,38.9964,35.3586,31.9622,28.8437,26.0017,23.4595,21.1883,19.1506,17.3178,15.6664,14.1759,12.829,11.611,10.509,9.51186,8.6094,7.79262,7.05337,67.2965
1963,1086.63,327.047,1229.4,227.153,153.776,118.522,101.981,97.9985,89.7855,80.0303,71.9792,64.2004,57.4113,51.6117,47.321,42.6909,38.5813,34.9909,31.7807,28.7632,25.98,23.4354,21.1542,19.113,17.2794,15.6286,14.1403,12.7963,11.5814,10.4824,9.48799,8.58796,7.77335,7.03601,67.1326
1964,383.907,738.021,224.215,659.943,107.742,73.9613,65.1304,69.3305,71.6529,67.1775,62.08,58.2073,53.6971,49.157,44.8806,41.5693,37.7551,34.2758,31.1831,28.3839,25.7285,23.2646,21.0026,18.9692,17.1461,15.5059,14.0279,12.6941,11.489,10.3992,9.41304,8.52047,7.71251,6.98113,66.6124
1965,352.622,260.743,505.373,119.08,306.351,49.3079,36.6239,37.1303,40.6207,43.3812,44.2638,45.1034,45.6242,44.2199,41.7215,38.7967,36.3449,33.2504,30.3307,27.6832,25.2545,22.9279,20.7554,18.7525,16.9469,15.3246,13.8631,12.5445,11.3537,10.2772,9.30317,8.42154,7.62337,6.90074,65.8511
1966,552.043,239.495,179.802,289.515,61.4553,154.89,25.641,20.5183,21.063,23.832,27.9023,31.6551,35.0108,37.3431,37.3793,35.9632,33.8494,31.9564,29.3847,26.8968,24.6074,22.486,20.4387,18.5179,16.7414,15.1362,13.6918,12.3891,11.2127,10.1496,9.18818,8.31799,7.53012,6.81672,65.0574
1967,422.084,374.938,165.39,112.065,167.666,35.7512,92.7256,17.0315,14.8083,15.5602,18.2447,22.2756,26.1343,29.5817,32.05,32.4308,31.4421,29.7557,28.2013,26.0043,23.8505,21.8522,19.9895,18.1836,16.4841,14.9089,13.4836,12.1997,11.0407,9.99362,9.04699,8.19054,7.41521,6.71311,64.0792
1968,837.407,286.672,260.1,97.5268,61.2297,93.7762,22.4639,69.1836,13.4511,11.8068,12.5448,14.9589,18.6071,22.2073,25.4867,27.8989,28.4385,27.7146,26.3239,25.0133,23.1072,21.2216,19.4623,17.8159,16.2146,14.7047,13.3033,12.0339,10.8897,9.85632,8.92229,8.07764,7.31329,6.62123,63.2153
1969,760.347,568.752,202.391,176.639,65.5004,42.3029,68.7019,17.8808,57.1782,11.2058,9.9059,10.6326,12.8236,16.1217,19.4116,22.4295,24.6751,25.2435,24.6649,23.4714,22.3331,20.6517,18.9801,17.4159,15.9487,14.5195,13.1702,11.9169,10.7811,9.75684,8.83151,7.99497,7.23836,6.5536,62.5843
1970,359.682,516.415,398.081,127.403,106.369,40.665,29.0275,54.4313,14.9906,48.5541,9.59623,8.55633,9.25498,11.2344,14.1997,17.1725,19.9116,21.9642,22.5159,22.0335,20.991,19.9897,18.4962,17.0069,15.6106,14.2991,13.0202,11.8118,10.6889,9.67084,8.75256,7.92281,7.17256,6.49393,62.0295
1971,536.84,244.29,346.675,177.542,46.4553,40.0835,19.9466,21.1616,45.2607,12.643,40.9084,8.11057,7.29092,7.9698,9.77255,12.4537,15.1534,17.6482,19.5288,20.0642,19.6659,18.7571,17.8774,16.5519,15.2259,13.9804,12.8091,11.6654,10.5842,9.57891,8.66724,7.84468,7.10128,6.42902,61.4225
1972,1777.14,364.613,161.283,136.814,53.8468,14.3847,16.5794,12.9695,15.9512,34.9101,9.97055,33.1975,6.75215,6.19117,6.86741,8.5102,10.9268,13.3664,15.6255,17.3368,17.8463,17.516,16.7233,15.9506,14.7758,13.5975,12.4888,11.4448,10.4246,9.45953,8.56177,7.7474,7.01246,6.34815,60.6585
1973,818.782,1207,247.581,80.2202,58.2512,23.5799,7.69319,12.073,10.5464,13.1605,29.0181,8.38213,28.2422,5.80667,5.37353,6.00494,7.48416,9.65059,11.8423,13.8756,15.4209,15.8933,15.613,14.9161,14.2337,13.19,12.1413,11.1535,10.2226,9.31233,8.45087,7.64927,6.92199,6.26556,59.8725
1974,355.02,556.102,831.152,135.687,39.3742,29.1108,13.5038,5.41137,9.04355,8.04563,10.3458,23.6328,7.02562,24.1523,5.03362,4.70127,5.28713,6.61873,8.56126,10.5289,12.3562,13.7481,14.1811,13.9395,13.3232,12.7179,11.7882,10.8529,9.97119,9.13987,8.32664,7.55676,6.84025,6.19008,59.1472
1975,267.315,241.123,365.726,417.993,55.2388,15.9517,12.5216,7.66756,3.96268,6.96372,6.39914,8.51446,19.9695,6.0422,21.0113,4.41256,4.14282,4.67616,5.86913,7.60585,9.36655,11.003,12.2513,12.6438,12.4333,11.887,11.3493,10.5213,9.68767,8.90143,8.15982,7.43414,6.74703,6.10745,58.3399
1976,244.033,181.556,167.533,216.39,229.758,31.2199,10.1763,9.55473,6.23149,3.23753,5.67269,5.20512,6.95862,16.5061,5.06417,17.8386,3.78537,3.58187,4.06617,5.12466,6.66094,8.22065,9.67209,10.7817,11.1365,10.9578,10.4812,10.0104,9.28241,8.54849,7.85577,7.202,6.56199,5.95582,56.8942
1977,172.045,165.743,127.803,109.367,137.129,147.932,21.1683,7.41181,7.05487,4.6028,2.40545,4.25128,3.95975,5.41409,13.1633,4.12787,14.7926,3.17924,3.0361,3.46937,4.39317,5.72958,7.0886,8.35509,9.32578,9.64191,9.4939,9.08563,8.6809,8.05186,7.41678,6.81683,6.25024,5.6953,54.5556
1978,239.339,116.85,116.534,82.8257,68.507,87.0902,98.7619,15.1779,5.37954,5.09877,3.31511,1.72737,3.07862,2.93471,4.1334,10.3337,3.31437,12.0803,2.6285,2.53253,2.91246,3.70499,4.8482,6.01274,7.0996,7.93476,8.21161,8.09127,7.74736,7.40511,6.87047,6.32992,5.8188,5.33579,51.4443
1979,234.03,162.555,81.8128,72.9111,49.4025,41.8132,57.9595,74.2994,11.8066,4.15111,3.84883,2.43924,1.26018,2.27765,2.22834,3.22441,8.24691,2.69176,9.93822,2.18272,2.11725,2.44679,3.12363,4.09802,5.09197,6.02073,6.73584,6.9761,6.87769,6.58807,6.29894,5.84549,5.38648,4.95215,48.3318
1980,149.755,158.949,112.492,46.98,38.2468,26.3754,24.9498,40.9902,55.0059,8.60743,2.94029,2.6551,1.67785,0.887824,1.6643,1.68753,2.51427,6.57353,2.18008,8.14164,1.80284,1.75909,2.04154,2.61435,3.4376,4.27843,5.06494,5.6716,5.87777,5.79768,5.55554,5.31315,4.93164,4.54506,44.9699
1981,432.17,101.711,110.895,69.3523,27.3012,22.5791,16.7661,17.8106,30.2746,40.1818,6.11121,2.01898,1.80482,1.16412,0.638706,1.24239,1.29908,1.98125,5.26905,1.76902,6.66493,1.48522,1.45584,1.69523,2.17615,2.86652,3.57234,4.23314,4.74354,4.91857,4.85343,4.65208,4.45006,4.13118,41.4874
1982,276.266,293.522,70.89,67.8907,39.8098,15.8031,13.8844,11.3931,12.3896,20.864,27.3801,4.1269,1.37507,1.2661,0.848846,0.482955,0.967234,1.03361,1.60134,4.30678,1.4576,5.52335,1.23596,1.21517,1.41811,1.82335,2.40464,2.99934,3.55644,3.98714,4.13572,4.08202,3.91342,3.74402,38.3886
1983,188.456,187.635,208.266,50.34,48.5861,29.2389,11.9791,11.019,9.28804,10.1456,17.2295,22.905,3.49276,1.17417,1.08865,0.733992,0.419491,0.843082,0.903342,1.40232,3.77712,1.27975,4.85334,1.08669,1.06888,1.2478,1.60476,2.11675,2.64061,3.13138,3.51087,3.6419,3.59476,3.44639,37.1061
1984,292.85,127.996,133.192,148.629,36.1979,35.5338,21.5751,8.97645,8.30319,6.96939,7.73045,13.5032,18.4299,2.86833,0.979294,0.918718,0.624921,0.359498,0.725967,0.780559,1.21477,3.27795,1.11211,4.2217,0.945939,0.930932,1.08718,1.3986,1.84521,2.30223,2.73043,3.06159,3.17606,3.13509,35.3694
1985,189.084,198.899,91.1383,96.9887,110.15,27.2599,26.7302,16.1844,6.70548,6.16249,5.24843,5.99234,10.7709,15.0509,2.38585,0.825981,0.782885,0.536502,0.310286,0.628993,0.678157,1.05751,2.85771,0.970553,3.68719,0.82664,0.813865,0.950759,1.22338,1.6143,2.01438,2.38927,2.67924,2.77955,33.6999
1986,300.445,128.423,141.782,67.0511,72.7902,83.2628,20.0838,19.0004,11.236,4.60363,4.332,3.85622,4.5947,8.54801,12.2624,1.98192,0.695817,0.666123,0.459727,0.267222,0.543643,0.587648,0.918077,2.4843,0.844568,3.2109,0.720245,0.709393,0.828955,1.06688,1.40802,1.75718,2.08439,2.3375,31.8295
1987,125.931,204.057,91.7272,105.141,51.1436,56.5923,64.6148,15.3774,14.2577,8.2099,3.34274,3.19941,2.93025,3.60078,6.88489,10.0919,1.65722,0.588462,0.567888,0.39416,0.230037,0.469349,0.508401,0.795473,2.15491,0.733184,2.78909,0.625903,0.616673,0.72078,0.927819,1.22466,1.5285,1.81325,29.7257
1988,190.837,85.5302,145.488,67.541,79.1719,39.0959,42.8914,48.236,11.3066,10.272,5.93512,2.4777,2.44689,2.30976,2.91247,5.68259,8.4556,1.40364,0.502282,0.487393,0.339621,0.198768,0.406378,0.440844,0.690518,1.87208,0.637325,2.42549,0.544479,0.536575,0.62727,0.807553,1.06602,1.33059,27.4582
1989,485.44,129.613,61.0056,107.296,50.9922,60.6761,29.6891,32.0094,35.2917,8.03016,7.24355,4.27028,1.84071,1.88018,1.82848,2.36061,4.68725,7.06314,1.18308,0.426072,0.415337,0.290365,0.170345,0.348871,0.378938,0.594103,1.61179,0.548988,2.09008,0.469314,0.462596,0.540868,0.696396,0.919358,24.8311
1990,157.608,329.703,92.3622,44.8291,80.7022,39.2931,47.3122,23.4189,25.0799,26.4548,5.81906,5.23546,3.14401,1.39288,1.46286,1.45685,1.91605,3.85747,5.87158,0.99068,0.358666,0.350966,0.246045,0.144637,0.296662,0.322582,0.506155,1.374,0.468203,1.7831,0.40048,0.394818,0.461683,0.5945,21.9859
1991,280.088,107.045,232.527,65.1653,31.474,57.8194,28.4893,35.794,18.3523,19.1997,19.8597,4.38145,4.01145,2.46545,1.11736,1.19608,1.2088,1.60716,3.26112,4.99204,0.845722,0.30709,0.301142,0.211447,0.124441,0.255454,0.277946,0.436317,1.18482,0.40384,1.53826,0.345538,0.340687,0.398415,19.4882
1992,65.3179,190.231,75.4251,163.462,45.4519,22.3555,41.403,21.2401,27.6844,13.9423,14.4261,15.0557,3.38497,3.16694,1.98642,0.915712,0.9933,1.01384,1.35775,2.76954,4.25571,0.722976,0.263049,0.258335,0.181586,0.106953,0.219682,0.239129,0.375503,1.01992,0.347695,1.32457,0.297567,0.293411,17.1288
1993,265.893,44.3628,135.722,55.6891,123.924,35.2995,17.5512,32.7821,16.8034,21.4477,10.6756,11.1189,11.8029,2.70805,2.58247,1.64553,0.767766,0.840247,0.863156,1.16131,2.37677,3.661,0.623038,0.226979,0.223121,0.156942,0.0924846,0.190036,0.206915,0.324985,0.882843,0.300999,1.14678,0.25764,15.0859
1994,541.66,180.59,31.7529,101.262,42.3928,94.2005,26.8478,13.5962,25.733,12.9936,16.5037,8.30588,8.80308,9.51676,2.21973,2.14556,1.38146,0.649572,0.714929,0.73744,0.995121,2.04104,3.14883,0.536491,0.195614,0.192408,0.135401,0.0798177,0.164049,0.178653,0.280635,0.76244,0.259968,0.990507,13.2538
1995,117.96,367.886,129.315,23.7647,78.189,33.2968,74.7476,21.5001,10.8727,20.2057,10.1216,12.9474,6.60791,7.1156,7.80978,1.84534,1.80217,1.1695,0.553124,0.611384,0.632608,0.855609,1.75783,2.71523,0.463034,0.168942,0.166256,0.117039,0.0690122,0.141869,0.154521,0.242754,0.659577,0.224908,12.3244
1996,152.186,80.1167,263.313,96.4494,18.0592,59.2882,25.3929,58.6892,17.2177,8.55737,15.7351,7.91858,10.2497,5.30448,5.78961,6.42905,1.53339,1.50829,0.984023,0.467228,0.517924,0.53703,0.727455,1.49623,2.31306,0.394693,0.144073,0.141829,0.0998681,0.058898,0.121093,0.131906,0.207241,0.563118,10.7149
1997,219.022,103.362,57.3137,195.649,72.0271,13.1698,43.1707,19.3928,46.7659,13.5215,6.63855,12.2593,6.25291,8.22781,4.32636,4.78661,5.37282,1.29199,1.27857,0.837873,0.399132,0.443496,0.46066,0.624807,1.28632,1.98994,0.339731,0.124057,0.12216,0.0860363,0.0507484,0.10435,0.113677,0.178613,9.72097
1998,176.028,148.756,73.9891,42.7787,149.173,55.0515,10.1579,34.2654,15.6502,36.984,10.5507,5.19668,9.71078,5.02716,6.71409,3.5772,4.00039,4.52763,1.09552,1.08911,0.716117,0.341972,0.380668,0.395925,0.537529,1.10743,1.71412,0.292756,0.106935,0.105322,0.0741893,0.0437657,0.0899998,0.098051,8.53958
1999,227.793,119.555,106.493,55.2834,32.7839,115.076,42.5623,7.92757,26.8149,12.0256,28.261,8.15794,4.09198,7.79002,4.10064,5.55303,2.99093,3.37237,3.84014,0.933322,0.930895,0.613547,0.293503,0.327134,0.340566,0.462692,0.95374,1.47679,0.252293,0.0921744,0.0907979,0.0639659,0.0377379,0.0776091,7.44915
2000,278.291,154.713,85.6123,79.7131,42.7102,25.7886,91.5409,34.1229,6.30435,20.7125,9.12778,21.5098,6.29983,3.21994,6.24369,3.33855,4.57705,2.48819,2.82468,3.23245,0.788462,0.788474,0.520673,0.249424,0.27829,0.289936,0.394126,0.81274,1.25884,0.215109,0.0786022,0.077438,0.0545591,0.0321903,6.42096
2001,254.437,189.011,110.795,64.1149,61.728,33.7573,20.5943,73.3163,27.0063,4.8477,15.6794,6.94161,16.6107,4.95721,2.57956,5.07779,2.74707,3.7991,2.07845,2.3704,2.72164,0.665468,0.666649,0.440791,0.211356,0.235979,0.24598,0.334501,0.689977,1.06892,0.182682,0.066761,0.0657777,0.0463467,5.48231
2002,173.647,172.809,135.25,82.4893,48.3264,45.9538,25.1735,15.9193,58.1445,20.972,3.71989,12.1069,5.43483,13.2112,4.00352,2.1118,4.20367,2.29399,3.19328,1.75545,2.00913,2.31282,0.566581,0.568378,0.376199,0.180521,0.201665,0.210298,0.286065,0.590201,0.914498,0.156311,0.0571288,0.0562912,4.73179
2003,693.264,117.938,123.533,99.9564,60.1001,33.336,31.2749,18.3674,12.4206,44.7441,15.977,2.85559,9.43514,4.30613,10.6325,3.26595,1.74167,3.49618,1.91992,2.68492,1.48098,1.69919,1.95956,0.480679,0.482674,0.319702,0.153492,0.171537,0.178932,0.243451,0.502361,0.778484,0.133074,0.0486394,4.07696
2004,70.6674,470.853,84.3874,91.8951,75.0269,44.423,24.8685,24.6729,15.1642,10.1213,35.8956,12.7778,2.29683,7.66536,3.53737,8.82311,2.73286,1.46684,2.95883,1.63068,2.28647,1.26364,1.45189,1.67612,0.411469,0.413411,0.273941,0.131562,0.147063,0.153429,0.208779,0.430855,0.667722,0.114146,3.53907
2005,492.938,47.9961,336.886,62.7741,68.9934,55.3461,32.7331,19.0816,19.7451,12.164,8.15502,29.2504,10.5403,1.9151,6.44809,2.99643,7.5137,2.3365,1.25774,2.54243,1.40336,1.96995,1.08962,1.2527,1.44681,0.355292,0.357056,0.236641,0.113664,0.127068,0.132579,0.180416,0.372339,0.577052,3.15728
2006,126.52,334.795,34.3618,251.721,48.099,53.3251,43.2875,26.2923,15.6652,16.1571,9.92382,6.68552,24.2033,8.81216,1.61607,5.48189,2.56166,6.44947,2.01138,1.08499,2.19649,1.21373,1.7051,0.943665,1.08536,1.25393,0.307998,0.30958,0.205201,0.0985718,0.110204,0.114989,0.156485,0.32296,3.23922
2007,194.89,85.9303,239.703,25.6883,193.344,37.3532,41.8284,34.6235,21.3805,12.7246,13.1504,8.14995,5.55135,20.2997,7.45094,1.37487,4.68485,2.19639,5.54291,1.7316,0.935217,1.89499,1.04781,1.47272,0.815345,0.938016,1.08391,0.266275,0.26767,0.177436,0.0852391,0.095302,0.0994431,0.135333,3.08077
2008,517.167,132.366,61.4993,178.653,19.4546,145.622,28.3631,33.0916,28.5135,17.7013,10.5739,11.0161,6.89017,4.73273,17.4271,6.43159,1.19168,4.07301,1.91379,4.83753,1.51302,0.817867,1.65825,0.917332,1.28977,0.714237,0.821848,0.949807,0.233354,0.234594,0.155519,0.0747134,0.0835363,0.0871681,2.81921
2009,273.141,351.251,94.7458,45.8891,136.037,14.8178,111.63,22.3795,26.8618,23.2193,14.4963,8.7543,9.22225,5.8222,4.0289,14.9206,5.53043,1.028,3.52186,1.65767,4.19542,1.3134,0.710441,1.44116,0.79753,1.12163,0.621251,0.714958,0.826365,0.203042,0.204134,0.135332,0.0650175,0.0726972,2.52936
2010,83.0795,185.512,251.53,70.9062,35.4148,106.938,11.8622,91.4543,18.5424,22.0358,18.9133,11.8103,7.16549,7.60676,4.84733,3.38598,12.6445,4.71874,0.881769,3.03299,1.43184,3.63189,1.13885,0.616771,1.25227,0.693459,0.975744,0.540645,0.622362,0.719484,0.176807,0.177778,0.117868,0.0566309,2.26662
2011,316.833,56.4261,132.854,188.314,54.8149,27.9658,86.3198,9.83268,76.8159,15.3883,18.015,15.3638,9.63252,5.90745,6.35085,4.09387,2.88659,10.8576,4.07372,0.764261,2.63645,1.24729,3.16874,0.994761,0.539193,1.09544,0.606893,0.854232,0.473436,0.545097,0.630249,0.154895,0.155756,0.103274,2.03576
2012,236.509,215.187,40.4028,99.3443,144.768,42.7374,22.1836,70.061,8.03005,62.0301,12.5084,14.8966,12.8826,8.15984,5.04701,5.46583,3.54499,2.51176,9.48308,3.56807,0.670805,2.31768,1.09775,2.79121,0.876799,0.475476,0.966329,0.5355,0.753887,0.417882,0.481184,0.556396,0.136752,0.137519,1.88869
2013,106.154,160.633,154.092,30.229,76.5708,113.564,34.2343,18.3102,58.8895,6.70294,51.4399,10.4002,12.489,10.9037,6.96787,4.34272,4.73235,3.08416,2.1933,8.30352,3.13063,0.589454,2.03888,0.966494,2.45897,0.772781,0.419209,0.852185,0.472333,0.66505,0.368676,0.424557,0.490944,0.12067,1.78803
2014,234,72.0979,115.041,115.394,23.3966,60.6284,91.9917,28.4976,15.5348,49.9554,5.65521,43.2918,8.78105,10.625,9.35945,6.03,3.78308,4.14335,2.71045,1.93286,7.33237,2.76859,0.521854,1.8065,0.856845,2.18095,0.685627,0.372019,0.75639,0.419292,0.590425,0.327331,0.376964,0.435927,1.6949
2015,278.001,158.929,51.6345,86.1507,89.3152,18.5264,49.1152,76.5696,24.1601,13.1628,42.1116,4.75527,36.4938,7.45234,9.09341,8.07445,5.23675,3.30242,3.63098,2.38212,1.70232,6.46787,2.44496,0.461242,1.59767,0.758141,1.93037,0.607005,0.32942,0.66987,0.37137,0.522982,0.289957,0.333937,1.88772
2016,305.047,188.814,113.808,38.637,66.4378,70.1537,14.8694,40.6733,64.8412,20.4313,11.0653,35.2869,3.99076,30.812,6.34429,7.80582,6.98075,4.55311,2.88369,3.18078,2.09171,1.4974,5.69658,2.15544,0.406908,1.41019,0.669433,1.70498,0.536244,0.291064,0.59194,0.328194,0.462209,0.256274,1.96371
2017,1049.98,207.183,135.197,85.1051,29.7073,51.838,55.8659,12.2537,34.3695,54.6791,17.1282,9.26186,29.6515,3.37941,26.3243,5.46499,6.76994,6.08666,3.98593,2.532,2.79901,1.84364,1.32138,5.03137,1.90497,0.359795,1.24736,0.592289,1.50879,0.474608,0.257636,0.523999,0.290542,0.4092,1.96551
2018,368.283,713.131,148.35,101.101,65.439,23.1817,41.2868,46.0521,10.364,29.0365,45.9582,14.3806,7.80796,25.1883,2.8956,22.7352,4.75092,5.91548,5.33895,3.50629,2.23202,2.47123,1.6296,1.16896,4.45374,1.68704,0.318743,1.10531,0.524939,1.33741,0.420741,0.228412,0.464588,0.257611,2.10567
2019,368.283,250.131,510.647,110.97,77.8462,51.2222,18.5293,34.093,38.9033,8.72663,24.281,38.3505,12.0483,6.59538,21.4771,2.49038,19.6932,4.138,5.17374,4.68386,3.08302,1.96584,2.17917,1.43829,1.03241,3.93543,1.49125,0.281825,0.977485,0.464298,1.18304,0.372208,0.202076,0.411039,2.09102
2020,368.283,250.131,179.087,381.625,85.0828,60.3575,40.4852,15.1954,28.72,32.6064,7.24959,20.1125,31.8934,10.1066,5.58845,18.3692,2.1466,17.0777,3.60484,4.52241,4.10443,2.70659,1.72814,1.91758,1.26657,0.909637,3.46881,1.31482,0.248538,0.862171,0.409574,1.0437,0.328388,0.178295,2.20775
2021,368.283,250.131,179.11,133.972,293.957,66.6567,48.2969,33.4518,12.8259,24.1133,27.1506,6.02058,16.7683,26.8143,8.58064,4.78812,15.8583,1.8642,14.8974,3.15508,3.96787,3.60763,2.38213,1.52246,1.69056,1.11721,0.802686,3.06185,1.16082,0.219461,0.761395,0.361732,0.921845,0.290063,2.10772
2022,368.283,250.131,179.139,134.141,103.732,232.955,54.0432,40.1671,28.1755,10.7066,19.914,22.3334,4.97201,13.9777,22.5981,7.30508,4.11049,13.7022,1.61855,12.9807,2.75637,3.47311,3.16224,2.0902,1.3369,1.48536,0.982009,0.705764,2.69275,1.02106,0.193063,0.66987,0.318271,0.811129,2.10996
2023,368.283,250.131,179.013,133.473,101.43,77.9714,177.47,43.239,33.1825,22.696,8.37546,15.3526,17.25,3.89145,11.1324,18.304,6.00161,3.41485,11.4794,1.36446,10.9931,2.34217,2.95849,2.69857,1.78611,1.14353,1.27143,0.84103,0.604684,2.30778,0.875268,0.165524,0.574388,0.27293,2.50523
2024,368.283,250.131,179.013,133.379,100.925,76.2412,59.4001,141.991,35.7203,26.7293,17.7544,6.45704,11.8582,13.5011,3.09929,9.01702,15.038,4.98592,2.86088,9.67725,1.15553,9.34118,1.99513,2.5247,2.30597,1.52776,0.978833,1.0889,0.720577,0.518233,1.97827,0.750418,0.14193,0.492559,2.38268
2025,368.283,250.131,179.013,133.379,100.854,75.8613,58.082,47.525,117.3,28.7736,20.9096,13.6877,4.98732,9.28102,10.7528,2.51037,7.40809,12.493,4.17709,2.41175,8.19547,0.981891,7.95708,1.70259,2.15739,1.97242,1.30773,0.83831,0.932949,0.617557,0.444239,1.69608,0.643454,0.12171,2.46592
2026,368.283,250.131,179.013,133.379,100.854,75.8082,57.7926,46.4704,39.261,94.4882,22.5087,16.1202,10.5722,3.90343,7.39176,8.70952,2.06243,6.15438,10.4663,3.52133,2.04247,6.96394,0.836403,6.79037,1.45489,1.84534,1.68835,1.11999,0.718246,0.799566,0.529382,0.380872,1.45433,0.551786,2.21928
2027,368.283,250.131,179.013,133.379,100.854,75.8082,57.7522,46.2389,38.3898,31.6257,73.9153,17.353,12.451,8.27455,3.10884,5.98718,7.15545,1.7134,5.15599,8.82324,2.98215,1.73555,5.93208,0.713764,5.80246,1.24444,1.57957,1.44597,0.95958,0.61556,0.685404,0.453869,0.326583,1.24714,2.37658
2028,368.283,250.131,179.013,133.379,100.854,75.8082,57.7522,46.2065,38.1985,30.9239,24.7398,56.9848,13.4032,9.74501,6.59016,2.5181,4.91887,5.9445,1.43544,4.34656,7.47223,2.53402,1.47839,5.06228,0.609921,4.96317,1.06522,1.3528,1.23887,0.82239,0.527669,0.587636,0.389175,0.280057,3.10782
2029,368.283,250.131,179.013,133.379,100.854,75.8082,57.7522,46.2065,38.1717,30.7698,24.1909,19.0731,44.0142,10.4903,7.7613,5.3379,2.06878,4.08642,4.98016,1.21009,3.68101,6.34938,2.15855,1.26162,4.32579,0.5217,4.24836,0.912291,1.15905,1.06175,0.704969,0.452401,0.503875,0.333732,2.9056
2030,368.283,250.131,179.013,133.379,100.854,75.8082,57.7522,46.2065,38.1717,30.7483,24.0703,18.6499,14.7318,34.4486,8.35487,6.2865,4.38544,1.71867,3.42351,4.19833,1.02481,3.12787,5.40858,1.84205,1.07807,3.70009,0.446563,3.63846,0.781632,0.993344,0.910155,0.60441,0.387917,0.432092,2.7782
